/home/user/Projects/catkin_ws/src/AnR2021G02/Data/IMG1/Image_1618854622690149.jpg,0.0
/home/user/Projects/catkin_ws/src/AnR2021G02/Data/IMG1/Image_1618854623010763.jpg,0.0
/home/user/Projects/catkin_ws/src/AnR2021G02/Data/IMG1/Image_1618854623340206.jpg,0.0
/home/user/Projects/catkin_ws/src/AnR2021G02/Data/IMG1/Image_1618854623666479.jpg,0.0
/home/user/Projects/catkin_ws/src/AnR2021G02/Data/IMG1/Image_1618854623985639.jpg,0.0
/home/user/Projects/catkin_ws/src/AnR2021G02/Data/IMG1/Image_1618854624296841.jpg,0.0
/home/user/Projects/catkin_ws/src/AnR2021G02/Data/IMG1/Image_1618854624614624.jpg,-0.04
/home/user/Projects/catkin_ws/src/AnR2021G02/Data/IMG1/Image_1618854624934777.jpg,-0.06
/home/user/Projects/catkin_ws/src/AnR2021G02/Data/IMG1/Image_1618854625261841.jpg,-0.1
/home/user/Projects/catkin_ws/src/AnR2021G02/Data/IMG1/Image_1618854625577681.jpg,-0.12
/home/user/Projects/catkin_ws/src/AnR2021G02/Data/IMG1/Image_1618854625892552.jpg,-0.12
/home/user/Projects/catkin_ws/src/AnR2021G02/Data/IMG1/Image_1618854626204065.jpg,-0.12
/home/user/Projects/catkin_ws/src/AnR2021G02/Data/IMG1/Image_1618854626537126.jpg,-0.06
/home/user/Projects/catkin_ws/src/AnR2021G02/Data/IMG1/Image_1618854626857616.jpg,-0.02
/home/user/Projects/catkin_ws/src/AnR2021G02/Data/IMG1/Image_1618854627183271.jpg,0.18
/home/user/Projects/catkin_ws/src/AnR2021G02/Data/IMG1/Image_1618854627515822.jpg,0.18
/home/user/Projects/catkin_ws/src/AnR2021G02/Data/IMG1/Image_1618854627846257.jpg,0.22
/home/user/Projects/catkin_ws/src/AnR2021G02/Data/IMG1/Image_1618854628160696.jpg,0.22
/home/user/Projects/catkin_ws/src/AnR2021G02/Data/IMG1/Image_1618854628478897.jpg,0.22
/home/user/Projects/catkin_ws/src/AnR2021G02/Data/IMG1/Image_1618854628801018.jpg,0.22
/home/user/Projects/catkin_ws/src/AnR2021G02/Data/IMG1/Image_1618854629124962.jpg,0.22
/home/user/Projects/catkin_ws/src/AnR2021G02/Data/IMG1/Image_1618854629436803.jpg,0.22
/home/user/Projects/catkin_ws/src/AnR2021G02/Data/IMG1/Image_1618854629746176.jpg,0.22
/home/user/Projects/catkin_ws/src/AnR2021G02/Data/IMG1/Image_1618854630061968.jpg,0.22
/home/user/Projects/catkin_ws/src/AnR2021G02/Data/IMG1/Image_1618854630387582.jpg,0.22
/home/user/Projects/catkin_ws/src/AnR2021G02/Data/IMG1/Image_1618854630712971.jpg,0.22
/home/user/Projects/catkin_ws/src/AnR2021G02/Data/IMG1/Image_1618854631037125.jpg,0.22
/home/user/Projects/catkin_ws/src/AnR2021G02/Data/IMG1/Image_1618854631351419.jpg,0.22
/home/user/Projects/catkin_ws/src/AnR2021G02/Data/IMG1/Image_1618854631667575.jpg,0.22
/home/user/Projects/catkin_ws/src/AnR2021G02/Data/IMG1/Image_1618854631981144.jpg,0.22
/home/user/Projects/catkin_ws/src/AnR2021G02/Data/IMG1/Image_1618854632293217.jpg,0.22
/home/user/Projects/catkin_ws/src/AnR2021G02/Data/IMG1/Image_1618854632618.jpg,0.22
/home/user/Projects/catkin_ws/src/AnR2021G02/Data/IMG1/Image_161885463294481.jpg,0.22
/home/user/Projects/catkin_ws/src/AnR2021G02/Data/IMG1/Image_1618854633258655.jpg,0.22
/home/user/Projects/catkin_ws/src/AnR2021G02/Data/IMG1/Image_1618854633568381.jpg,0.22
/home/user/Projects/catkin_ws/src/AnR2021G02/Data/IMG1/Image_1618854633897062.jpg,0.22
/home/user/Projects/catkin_ws/src/AnR2021G02/Data/IMG1/Image_1618854634210959.jpg,0.22
/home/user/Projects/catkin_ws/src/AnR2021G02/Data/IMG1/Image_1618854634525754.jpg,0.22
/home/user/Projects/catkin_ws/src/AnR2021G02/Data/IMG1/Image_1618854634855752.jpg,0.22
/home/user/Projects/catkin_ws/src/AnR2021G02/Data/IMG1/Image_1618854635165375.jpg,0.22
/home/user/Projects/catkin_ws/src/AnR2021G02/Data/IMG1/Image_1618854635487723.jpg,0.22
/home/user/Projects/catkin_ws/src/AnR2021G02/Data/IMG1/Image_1618854635805104.jpg,0.22
/home/user/Projects/catkin_ws/src/AnR2021G02/Data/IMG1/Image_1618854636123954.jpg,0.22
/home/user/Projects/catkin_ws/src/AnR2021G02/Data/IMG1/Image_161885463643753.jpg,0.22
/home/user/Projects/catkin_ws/src/AnR2021G02/Data/IMG1/Image_1618854636755454.jpg,0.22
/home/user/Projects/catkin_ws/src/AnR2021G02/Data/IMG1/Image_1618854637070954.jpg,0.22
/home/user/Projects/catkin_ws/src/AnR2021G02/Data/IMG1/Image_1618854637388965.jpg,0.02
/home/user/Projects/catkin_ws/src/AnR2021G02/Data/IMG1/Image_1618854637704776.jpg,0.02
/home/user/Projects/catkin_ws/src/AnR2021G02/Data/IMG1/Image_1618854638018277.jpg,0.02
/home/user/Projects/catkin_ws/src/AnR2021G02/Data/IMG1/Image_1618854638335145.jpg,-0.18
/home/user/Projects/catkin_ws/src/AnR2021G02/Data/IMG1/Image_1618854638652743.jpg,-0.18
/home/user/Projects/catkin_ws/src/AnR2021G02/Data/IMG1/Image_1618854638987759.jpg,-0.18
/home/user/Projects/catkin_ws/src/AnR2021G02/Data/IMG1/Image_1618854639305976.jpg,-0.18
/home/user/Projects/catkin_ws/src/AnR2021G02/Data/IMG1/Image_1618854639624323.jpg,-0.18
/home/user/Projects/catkin_ws/src/AnR2021G02/Data/IMG1/Image_161885463994468.jpg,-0.18
/home/user/Projects/catkin_ws/src/AnR2021G02/Data/IMG1/Image_1618854640259695.jpg,-0.18
/home/user/Projects/catkin_ws/src/AnR2021G02/Data/IMG1/Image_1618854640579253.jpg,-0.18
/home/user/Projects/catkin_ws/src/AnR2021G02/Data/IMG1/Image_1618854640900228.jpg,-0.18
/home/user/Projects/catkin_ws/src/AnR2021G02/Data/IMG1/Image_1618854641231671.jpg,-0.18
/home/user/Projects/catkin_ws/src/AnR2021G02/Data/IMG1/Image_1618854641540114.jpg,-0.18
/home/user/Projects/catkin_ws/src/AnR2021G02/Data/IMG1/Image_161885464188053.jpg,-0.18
/home/user/Projects/catkin_ws/src/AnR2021G02/Data/IMG1/Image_1618854642199076.jpg,0.02
/home/user/Projects/catkin_ws/src/AnR2021G02/Data/IMG1/Image_1618854642509014.jpg,0.02
/home/user/Projects/catkin_ws/src/AnR2021G02/Data/IMG1/Image_1618854642824101.jpg,0.02
/home/user/Projects/catkin_ws/src/AnR2021G02/Data/IMG1/Image_1618854643138128.jpg,0.02
/home/user/Projects/catkin_ws/src/AnR2021G02/Data/IMG1/Image_161885464345557.jpg,0.02
/home/user/Projects/catkin_ws/src/AnR2021G02/Data/IMG1/Image_1618854643765682.jpg,0.02
/home/user/Projects/catkin_ws/src/AnR2021G02/Data/IMG1/Image_1618854644084126.jpg,0.02
/home/user/Projects/catkin_ws/src/AnR2021G02/Data/IMG1/Image_1618854644406428.jpg,0.02
/home/user/Projects/catkin_ws/src/AnR2021G02/Data/IMG1/Image_161885464472245.jpg,0.02
/home/user/Projects/catkin_ws/src/AnR2021G02/Data/IMG1/Image_1618854645049756.jpg,0.02
/home/user/Projects/catkin_ws/src/AnR2021G02/Data/IMG1/Image_1618854645370405.jpg,0.02
/home/user/Projects/catkin_ws/src/AnR2021G02/Data/IMG1/Image_1618854645687464.jpg,0.02
/home/user/Projects/catkin_ws/src/AnR2021G02/Data/IMG1/Image_1618854646000465.jpg,0.08
/home/user/Projects/catkin_ws/src/AnR2021G02/Data/IMG1/Image_1618854646312644.jpg,0.08
/home/user/Projects/catkin_ws/src/AnR2021G02/Data/IMG1/Image_1618854646634523.jpg,0.12
/home/user/Projects/catkin_ws/src/AnR2021G02/Data/IMG1/Image_1618854646942994.jpg,0.16
/home/user/Projects/catkin_ws/src/AnR2021G02/Data/IMG1/Image_1618854647259025.jpg,0.2
/home/user/Projects/catkin_ws/src/AnR2021G02/Data/IMG1/Image_1618854647570027.jpg,0.22
/home/user/Projects/catkin_ws/src/AnR2021G02/Data/IMG1/Image_1618854647895004.jpg,0.22
/home/user/Projects/catkin_ws/src/AnR2021G02/Data/IMG1/Image_1618854648210536.jpg,0.22
/home/user/Projects/catkin_ws/src/AnR2021G02/Data/IMG1/Image_1618854648527651.jpg,0.22
/home/user/Projects/catkin_ws/src/AnR2021G02/Data/IMG1/Image_1618854648850727.jpg,0.22
/home/user/Projects/catkin_ws/src/AnR2021G02/Data/IMG1/Image_1618854649163747.jpg,0.22
/home/user/Projects/catkin_ws/src/AnR2021G02/Data/IMG1/Image_1618854649486363.jpg,0.22
/home/user/Projects/catkin_ws/src/AnR2021G02/Data/IMG1/Image_16188546498047.jpg,0.22
/home/user/Projects/catkin_ws/src/AnR2021G02/Data/IMG1/Image_1618854650129525.jpg,0.22
/home/user/Projects/catkin_ws/src/AnR2021G02/Data/IMG1/Image_161885465044341.jpg,0.18
/home/user/Projects/catkin_ws/src/AnR2021G02/Data/IMG1/Image_1618854650759574.jpg,0.14
/home/user/Projects/catkin_ws/src/AnR2021G02/Data/IMG1/Image_161885465107298.jpg,0.14
/home/user/Projects/catkin_ws/src/AnR2021G02/Data/IMG1/Image_1618854651396557.jpg,0.1
/home/user/Projects/catkin_ws/src/AnR2021G02/Data/IMG1/Image_1618854651714935.jpg,0.06
/home/user/Projects/catkin_ws/src/AnR2021G02/Data/IMG1/Image_1618854652048106.jpg,0.04
/home/user/Projects/catkin_ws/src/AnR2021G02/Data/IMG1/Image_1618854652367838.jpg,0.02
/home/user/Projects/catkin_ws/src/AnR2021G02/Data/IMG1/Image_1618854652682211.jpg,0.0
/home/user/Projects/catkin_ws/src/AnR2021G02/Data/IMG1/Image_161885465299852.jpg,0.0
/home/user/Projects/catkin_ws/src/AnR2021G02/Data/IMG1/Image_1618854653319422.jpg,0.0
/home/user/Projects/catkin_ws/src/AnR2021G02/Data/IMG1/Image_1618854653629932.jpg,0.0
/home/user/Projects/catkin_ws/src/AnR2021G02/Data/IMG1/Image_1618854653942843.jpg,0.0
/home/user/Projects/catkin_ws/src/AnR2021G02/Data/IMG1/Image_1618854654262389.jpg,0.0
/home/user/Projects/catkin_ws/src/AnR2021G02/Data/IMG1/Image_1618854654575535.jpg,0.0
/home/user/Projects/catkin_ws/src/AnR2021G02/Data/IMG1/Image_1618854654907399.jpg,0.0
/home/user/Projects/catkin_ws/src/AnR2021G02/Data/IMG1/Image_1618854655219104.jpg,0.0
/home/user/Projects/catkin_ws/src/AnR2021G02/Data/IMG1/Image_1618854655543389.jpg,0.0
/home/user/Projects/catkin_ws/src/AnR2021G02/Data/IMG1/Image_1618854655859736.jpg,0.0
/home/user/Projects/catkin_ws/src/AnR2021G02/Data/IMG1/Image_1618854656175252.jpg,0.0
/home/user/Projects/catkin_ws/src/AnR2021G02/Data/IMG1/Image_161885465648926.jpg,0.0
/home/user/Projects/catkin_ws/src/AnR2021G02/Data/IMG1/Image_161885465680572.jpg,0.0
/home/user/Projects/catkin_ws/src/AnR2021G02/Data/IMG1/Image_1618854657117945.jpg,0.0
/home/user/Projects/catkin_ws/src/AnR2021G02/Data/IMG1/Image_1618854657434564.jpg,0.0
/home/user/Projects/catkin_ws/src/AnR2021G02/Data/IMG1/Image_1618854657758592.jpg,0.0
/home/user/Projects/catkin_ws/src/AnR2021G02/Data/IMG1/Image_1618854658075994.jpg,0.0
/home/user/Projects/catkin_ws/src/AnR2021G02/Data/IMG1/Image_1618854658396222.jpg,0.0
/home/user/Projects/catkin_ws/src/AnR2021G02/Data/IMG1/Image_1618854658715565.jpg,0.0
/home/user/Projects/catkin_ws/src/AnR2021G02/Data/IMG1/Image_1618854659044757.jpg,0.0
/home/user/Projects/catkin_ws/src/AnR2021G02/Data/IMG1/Image_1618854659354959.jpg,0.0
/home/user/Projects/catkin_ws/src/AnR2021G02/Data/IMG1/Image_1618854659674957.jpg,0.0
/home/user/Projects/catkin_ws/src/AnR2021G02/Data/IMG1/Image_1618854659988317.jpg,0.0
/home/user/Projects/catkin_ws/src/AnR2021G02/Data/IMG1/Image_161885466030754.jpg,0.0
/home/user/Projects/catkin_ws/src/AnR2021G02/Data/IMG1/Image_1618854660628045.jpg,0.0
/home/user/Projects/catkin_ws/src/AnR2021G02/Data/IMG1/Image_1618854660942193.jpg,0.0
/home/user/Projects/catkin_ws/src/AnR2021G02/Data/IMG1/Image_1618854661283358.jpg,0.0
/home/user/Projects/catkin_ws/src/AnR2021G02/Data/IMG1/Image_1618854661599019.jpg,0.0
/home/user/Projects/catkin_ws/src/AnR2021G02/Data/IMG1/Image_1618854661918159.jpg,0.0
/home/user/Projects/catkin_ws/src/AnR2021G02/Data/IMG1/Image_1618854662231849.jpg,0.0
/home/user/Projects/catkin_ws/src/AnR2021G02/Data/IMG1/Image_1618854662542726.jpg,0.0
/home/user/Projects/catkin_ws/src/AnR2021G02/Data/IMG1/Image_1618854662867029.jpg,0.0
/home/user/Projects/catkin_ws/src/AnR2021G02/Data/IMG1/Image_1618854663191103.jpg,0.0
/home/user/Projects/catkin_ws/src/AnR2021G02/Data/IMG1/Image_1618854663508224.jpg,0.0
/home/user/Projects/catkin_ws/src/AnR2021G02/Data/IMG1/Image_1618854663820693.jpg,0.0
/home/user/Projects/catkin_ws/src/AnR2021G02/Data/IMG1/Image_1618854664132369.jpg,0.0
/home/user/Projects/catkin_ws/src/AnR2021G02/Data/IMG1/Image_1618854664444687.jpg,0.0
/home/user/Projects/catkin_ws/src/AnR2021G02/Data/IMG1/Image_1618854664757853.jpg,0.0
/home/user/Projects/catkin_ws/src/AnR2021G02/Data/IMG1/Image_1618854665070963.jpg,0.0
/home/user/Projects/catkin_ws/src/AnR2021G02/Data/IMG1/Image_1618854665399617.jpg,0.0
/home/user/Projects/catkin_ws/src/AnR2021G02/Data/IMG1/Image_1618854665717073.jpg,0.0
/home/user/Projects/catkin_ws/src/AnR2021G02/Data/IMG1/Image_1618854666039068.jpg,0.0
/home/user/Projects/catkin_ws/src/AnR2021G02/Data/IMG1/Image_1618854666360592.jpg,0.0
/home/user/Projects/catkin_ws/src/AnR2021G02/Data/IMG1/Image_1618854666673115.jpg,0.0
/home/user/Projects/catkin_ws/src/AnR2021G02/Data/IMG1/Image_1618854666984074.jpg,0.0
/home/user/Projects/catkin_ws/src/AnR2021G02/Data/IMG1/Image_1618854667296447.jpg,0.0
/home/user/Projects/catkin_ws/src/AnR2021G02/Data/IMG1/Image_1618854667628203.jpg,0.0
/home/user/Projects/catkin_ws/src/AnR2021G02/Data/IMG1/Image_1618854667943047.jpg,0.0
/home/user/Projects/catkin_ws/src/AnR2021G02/Data/IMG1/Image_1618854668253825.jpg,0.0
/home/user/Projects/catkin_ws/src/AnR2021G02/Data/IMG1/Image_1618854668571486.jpg,0.0
/home/user/Projects/catkin_ws/src/AnR2021G02/Data/IMG1/Image_1618854668906778.jpg,0.0
/home/user/Projects/catkin_ws/src/AnR2021G02/Data/IMG1/Image_1618854669224745.jpg,0.0
/home/user/Projects/catkin_ws/src/AnR2021G02/Data/IMG1/Image_1618854669539649.jpg,0.0
/home/user/Projects/catkin_ws/src/AnR2021G02/Data/IMG1/Image_1618854669855583.jpg,0.0
/home/user/Projects/catkin_ws/src/AnR2021G02/Data/IMG1/Image_1618854670166695.jpg,0.0
/home/user/Projects/catkin_ws/src/AnR2021G02/Data/IMG1/Image_1618854670501465.jpg,0.0
/home/user/Projects/catkin_ws/src/AnR2021G02/Data/IMG1/Image_1618854670826295.jpg,0.0
/home/user/Projects/catkin_ws/src/AnR2021G02/Data/IMG1/Image_1618854671138393.jpg,0.0
/home/user/Projects/catkin_ws/src/AnR2021G02/Data/IMG1/Image_1618854671452059.jpg,0.0
/home/user/Projects/catkin_ws/src/AnR2021G02/Data/IMG1/Image_1618854671766933.jpg,0.0
/home/user/Projects/catkin_ws/src/AnR2021G02/Data/IMG1/Image_1618854672085711.jpg,0.0
/home/user/Projects/catkin_ws/src/AnR2021G02/Data/IMG1/Image_1618854672400413.jpg,0.0
/home/user/Projects/catkin_ws/src/AnR2021G02/Data/IMG1/Image_1618854672716762.jpg,0.0
/home/user/Projects/catkin_ws/src/AnR2021G02/Data/IMG1/Image_1618854673036097.jpg,0.0
/home/user/Projects/catkin_ws/src/AnR2021G02/Data/IMG1/Image_1618854673359438.jpg,0.0
/home/user/Projects/catkin_ws/src/AnR2021G02/Data/IMG1/Image_1618854673669361.jpg,0.0
/home/user/Projects/catkin_ws/src/AnR2021G02/Data/IMG1/Image_1618854673979706.jpg,0.0
/home/user/Projects/catkin_ws/src/AnR2021G02/Data/IMG1/Image_1618854674293598.jpg,0.0
/home/user/Projects/catkin_ws/src/AnR2021G02/Data/IMG1/Image_1618854674612781.jpg,0.0
/home/user/Projects/catkin_ws/src/AnR2021G02/Data/IMG1/Image_1618854674948902.jpg,0.0
/home/user/Projects/catkin_ws/src/AnR2021G02/Data/IMG1/Image_1618854675262945.jpg,0.0
/home/user/Projects/catkin_ws/src/AnR2021G02/Data/IMG1/Image_1618854675587023.jpg,0.0
/home/user/Projects/catkin_ws/src/AnR2021G02/Data/IMG1/Image_1618854675922839.jpg,0.0
/home/user/Projects/catkin_ws/src/AnR2021G02/Data/IMG1/Image_1618854676242358.jpg,0.0
/home/user/Projects/catkin_ws/src/AnR2021G02/Data/IMG1/Image_1618854676556044.jpg,0.0
/home/user/Projects/catkin_ws/src/AnR2021G02/Data/IMG1/Image_1618854676867928.jpg,0.0
/home/user/Projects/catkin_ws/src/AnR2021G02/Data/IMG1/Image_1618854677182147.jpg,0.0
/home/user/Projects/catkin_ws/src/AnR2021G02/Data/IMG1/Image_1618854677511047.jpg,0.0
/home/user/Projects/catkin_ws/src/AnR2021G02/Data/IMG1/Image_1618854677825458.jpg,0.0
/home/user/Projects/catkin_ws/src/AnR2021G02/Data/IMG1/Image_1618854678149289.jpg,0.0
/home/user/Projects/catkin_ws/src/AnR2021G02/Data/IMG1/Image_1618854678464436.jpg,0.0
/home/user/Projects/catkin_ws/src/AnR2021G02/Data/IMG1/Image_1618854678782442.jpg,0.0
/home/user/Projects/catkin_ws/src/AnR2021G02/Data/IMG1/Image_1618854679099051.jpg,-0.04
/home/user/Projects/catkin_ws/src/AnR2021G02/Data/IMG1/Image_1618854679408988.jpg,-0.06
/home/user/Projects/catkin_ws/src/AnR2021G02/Data/IMG1/Image_1618854679734034.jpg,-0.06
/home/user/Projects/catkin_ws/src/AnR2021G02/Data/IMG1/Image_1618854680085101.jpg,-0.08
/home/user/Projects/catkin_ws/src/AnR2021G02/Data/IMG1/Image_1618854680402959.jpg,-0.1
/home/user/Projects/catkin_ws/src/AnR2021G02/Data/IMG1/Image_1618854680718403.jpg,-0.14
/home/user/Projects/catkin_ws/src/AnR2021G02/Data/IMG1/Image_1618854681039508.jpg,-0.16
/home/user/Projects/catkin_ws/src/AnR2021G02/Data/IMG1/Image_1618854681354727.jpg,-0.2
/home/user/Projects/catkin_ws/src/AnR2021G02/Data/IMG1/Image_1618854681675877.jpg,-0.24
/home/user/Projects/catkin_ws/src/AnR2021G02/Data/IMG1/Image_1618854681997009.jpg,-0.26
/home/user/Projects/catkin_ws/src/AnR2021G02/Data/IMG1/Image_1618854682318764.jpg,-0.28
/home/user/Projects/catkin_ws/src/AnR2021G02/Data/IMG1/Image_1618854682631069.jpg,-0.3
/home/user/Projects/catkin_ws/src/AnR2021G02/Data/IMG1/Image_1618854682947463.jpg,-0.32
/home/user/Projects/catkin_ws/src/AnR2021G02/Data/IMG1/Image_1618854683275878.jpg,-0.32
/home/user/Projects/catkin_ws/src/AnR2021G02/Data/IMG1/Image_1618854683600423.jpg,-0.32
/home/user/Projects/catkin_ws/src/AnR2021G02/Data/IMG1/Image_1618854683927293.jpg,-0.32
/home/user/Projects/catkin_ws/src/AnR2021G02/Data/IMG1/Image_1618854684242275.jpg,-0.32
/home/user/Projects/catkin_ws/src/AnR2021G02/Data/IMG1/Image_161885468455398.jpg,-0.32
/home/user/Projects/catkin_ws/src/AnR2021G02/Data/IMG1/Image_1618854684868356.jpg,-0.12
/home/user/Projects/catkin_ws/src/AnR2021G02/Data/IMG1/Image_1618854685182264.jpg,-0.12
/home/user/Projects/catkin_ws/src/AnR2021G02/Data/IMG1/Image_1618854685498473.jpg,-0.12
/home/user/Projects/catkin_ws/src/AnR2021G02/Data/IMG1/Image_1618854685815053.jpg,-0.12
/home/user/Projects/catkin_ws/src/AnR2021G02/Data/IMG1/Image_1618854686134611.jpg,-0.12
/home/user/Projects/catkin_ws/src/AnR2021G02/Data/IMG1/Image_16188546864572.jpg,-0.12
/home/user/Projects/catkin_ws/src/AnR2021G02/Data/IMG1/Image_1618854686773842.jpg,-0.12
/home/user/Projects/catkin_ws/src/AnR2021G02/Data/IMG1/Image_1618854687091567.jpg,-0.12
/home/user/Projects/catkin_ws/src/AnR2021G02/Data/IMG1/Image_161885468740301.jpg,-0.12
/home/user/Projects/catkin_ws/src/AnR2021G02/Data/IMG1/Image_161885468771819.jpg,-0.12
/home/user/Projects/catkin_ws/src/AnR2021G02/Data/IMG1/Image_1618854688047056.jpg,-0.12
/home/user/Projects/catkin_ws/src/AnR2021G02/Data/IMG1/Image_1618854688356395.jpg,-0.12
/home/user/Projects/catkin_ws/src/AnR2021G02/Data/IMG1/Image_1618854688675029.jpg,-0.12
/home/user/Projects/catkin_ws/src/AnR2021G02/Data/IMG1/Image_1618854688997811.jpg,-0.12
/home/user/Projects/catkin_ws/src/AnR2021G02/Data/IMG1/Image_1618854689309263.jpg,-0.12
/home/user/Projects/catkin_ws/src/AnR2021G02/Data/IMG1/Image_1618854689619619.jpg,-0.1
/home/user/Projects/catkin_ws/src/AnR2021G02/Data/IMG1/Image_1618854689929982.jpg,-0.06
/home/user/Projects/catkin_ws/src/AnR2021G02/Data/IMG1/Image_1618854690241771.jpg,-0.06
/home/user/Projects/catkin_ws/src/AnR2021G02/Data/IMG1/Image_1618854690570404.jpg,-0.06
/home/user/Projects/catkin_ws/src/AnR2021G02/Data/IMG1/Image_1618854690886129.jpg,-0.06
/home/user/Projects/catkin_ws/src/AnR2021G02/Data/IMG1/Image_1618854691208445.jpg,-0.06
/home/user/Projects/catkin_ws/src/AnR2021G02/Data/IMG1/Image_1618854691516667.jpg,-0.04
/home/user/Projects/catkin_ws/src/AnR2021G02/Data/IMG1/Image_1618854691833358.jpg,-0.04
/home/user/Projects/catkin_ws/src/AnR2021G02/Data/IMG1/Image_1618854692151069.jpg,-0.04
/home/user/Projects/catkin_ws/src/AnR2021G02/Data/IMG1/Image_1618854692465866.jpg,-0.04
/home/user/Projects/catkin_ws/src/AnR2021G02/Data/IMG1/Image_1618854692778992.jpg,-0.04
/home/user/Projects/catkin_ws/src/AnR2021G02/Data/IMG1/Image_1618854693092671.jpg,-0.04
/home/user/Projects/catkin_ws/src/AnR2021G02/Data/IMG1/Image_1618854693409585.jpg,-0.04
/home/user/Projects/catkin_ws/src/AnR2021G02/Data/IMG1/Image_1618854693721912.jpg,-0.04
/home/user/Projects/catkin_ws/src/AnR2021G02/Data/IMG1/Image_1618854694035298.jpg,-0.04
/home/user/Projects/catkin_ws/src/AnR2021G02/Data/IMG1/Image_1618854694359932.jpg,-0.04
/home/user/Projects/catkin_ws/src/AnR2021G02/Data/IMG1/Image_1618854694667972.jpg,-0.04
/home/user/Projects/catkin_ws/src/AnR2021G02/Data/IMG1/Image_1618854694985466.jpg,-0.04
/home/user/Projects/catkin_ws/src/AnR2021G02/Data/IMG1/Image_1618854695316872.jpg,-0.04
/home/user/Projects/catkin_ws/src/AnR2021G02/Data/IMG1/Image_1618854695625317.jpg,-0.04
/home/user/Projects/catkin_ws/src/AnR2021G02/Data/IMG1/Image_1618854695943194.jpg,-0.04
/home/user/Projects/catkin_ws/src/AnR2021G02/Data/IMG1/Image_1618854696270465.jpg,-0.04
/home/user/Projects/catkin_ws/src/AnR2021G02/Data/IMG1/Image_1618854696593446.jpg,-0.04
/home/user/Projects/catkin_ws/src/AnR2021G02/Data/IMG1/Image_1618854696913997.jpg,-0.04
/home/user/Projects/catkin_ws/src/AnR2021G02/Data/IMG1/Image_1618854697233714.jpg,-0.02
/home/user/Projects/catkin_ws/src/AnR2021G02/Data/IMG1/Image_1618854697548745.jpg,0.0
/home/user/Projects/catkin_ws/src/AnR2021G02/Data/IMG1/Image_1618854697877663.jpg,0.02
/home/user/Projects/catkin_ws/src/AnR2021G02/Data/IMG1/Image_1618854698198027.jpg,0.02
/home/user/Projects/catkin_ws/src/AnR2021G02/Data/IMG1/Image_1618854698516473.jpg,0.04
/home/user/Projects/catkin_ws/src/AnR2021G02/Data/IMG1/Image_1618854698832012.jpg,0.04
/home/user/Projects/catkin_ws/src/AnR2021G02/Data/IMG1/Image_1618854699144507.jpg,0.04
/home/user/Projects/catkin_ws/src/AnR2021G02/Data/IMG1/Image_1618854699458521.jpg,0.04
/home/user/Projects/catkin_ws/src/AnR2021G02/Data/IMG1/Image_1618854699770264.jpg,0.04
/home/user/Projects/catkin_ws/src/AnR2021G02/Data/IMG1/Image_1618854700082971.jpg,0.04
/home/user/Projects/catkin_ws/src/AnR2021G02/Data/IMG1/Image_1618854700398057.jpg,-0.16
/home/user/Projects/catkin_ws/src/AnR2021G02/Data/IMG1/Image_1618854700719827.jpg,-0.16
/home/user/Projects/catkin_ws/src/AnR2021G02/Data/IMG1/Image_1618854701038784.jpg,-0.16
/home/user/Projects/catkin_ws/src/AnR2021G02/Data/IMG1/Image_1618854701353904.jpg,-0.16
/home/user/Projects/catkin_ws/src/AnR2021G02/Data/IMG1/Image_1618854701666241.jpg,-0.16
/home/user/Projects/catkin_ws/src/AnR2021G02/Data/IMG1/Image_161885470198978.jpg,-0.16
/home/user/Projects/catkin_ws/src/AnR2021G02/Data/IMG1/Image_1618854702314325.jpg,-0.16
/home/user/Projects/catkin_ws/src/AnR2021G02/Data/IMG1/Image_1618854702630034.jpg,-0.16
/home/user/Projects/catkin_ws/src/AnR2021G02/Data/IMG1/Image_161885470294354.jpg,-0.16
/home/user/Projects/catkin_ws/src/AnR2021G02/Data/IMG1/Image_1618854703271821.jpg,-0.16
/home/user/Projects/catkin_ws/src/AnR2021G02/Data/IMG1/Image_1618854703611486.jpg,-0.16
/home/user/Projects/catkin_ws/src/AnR2021G02/Data/IMG1/Image_1618854703920012.jpg,-0.16
/home/user/Projects/catkin_ws/src/AnR2021G02/Data/IMG1/Image_1618854704228175.jpg,-0.16
/home/user/Projects/catkin_ws/src/AnR2021G02/Data/IMG1/Image_1618854704541309.jpg,-0.16
/home/user/Projects/catkin_ws/src/AnR2021G02/Data/IMG1/Image_1618854704859467.jpg,-0.16
/home/user/Projects/catkin_ws/src/AnR2021G02/Data/IMG1/Image_1618854705189517.jpg,-0.16
/home/user/Projects/catkin_ws/src/AnR2021G02/Data/IMG1/Image_161885470551238.jpg,-0.16
/home/user/Projects/catkin_ws/src/AnR2021G02/Data/IMG1/Image_1618854705840051.jpg,-0.16
/home/user/Projects/catkin_ws/src/AnR2021G02/Data/IMG1/Image_1618854706158916.jpg,-0.16
/home/user/Projects/catkin_ws/src/AnR2021G02/Data/IMG1/Image_161885470647491.jpg,-0.16
/home/user/Projects/catkin_ws/src/AnR2021G02/Data/IMG1/Image_1618854706790291.jpg,-0.16
/home/user/Projects/catkin_ws/src/AnR2021G02/Data/IMG1/Image_1618854707106796.jpg,-0.16
/home/user/Projects/catkin_ws/src/AnR2021G02/Data/IMG1/Image_161885470743.jpg,-0.16
/home/user/Projects/catkin_ws/src/AnR2021G02/Data/IMG1/Image_1618854707757313.jpg,-0.16
/home/user/Projects/catkin_ws/src/AnR2021G02/Data/IMG1/Image_1618854708067272.jpg,-0.16
/home/user/Projects/catkin_ws/src/AnR2021G02/Data/IMG1/Image_1618854708382981.jpg,-0.16
/home/user/Projects/catkin_ws/src/AnR2021G02/Data/IMG1/Image_1618854708692126.jpg,-0.16
/home/user/Projects/catkin_ws/src/AnR2021G02/Data/IMG1/Image_161885470901897.jpg,-0.16
/home/user/Projects/catkin_ws/src/AnR2021G02/Data/IMG1/Image_161885470933905.jpg,-0.16
/home/user/Projects/catkin_ws/src/AnR2021G02/Data/IMG1/Image_1618854709656397.jpg,-0.16
/home/user/Projects/catkin_ws/src/AnR2021G02/Data/IMG1/Image_161885470997501.jpg,-0.16
/home/user/Projects/catkin_ws/src/AnR2021G02/Data/IMG1/Image_1618854710299453.jpg,-0.16
/home/user/Projects/catkin_ws/src/AnR2021G02/Data/IMG1/Image_1618854710622646.jpg,-0.16
/home/user/Projects/catkin_ws/src/AnR2021G02/Data/IMG1/Image_1618854710953188.jpg,-0.16
/home/user/Projects/catkin_ws/src/AnR2021G02/Data/IMG1/Image_1618854711283971.jpg,-0.16
/home/user/Projects/catkin_ws/src/AnR2021G02/Data/IMG1/Image_1618854711605382.jpg,-0.16
/home/user/Projects/catkin_ws/src/AnR2021G02/Data/IMG1/Image_1618854711924915.jpg,-0.16
/home/user/Projects/catkin_ws/src/AnR2021G02/Data/IMG1/Image_1618854712239763.jpg,-0.16
/home/user/Projects/catkin_ws/src/AnR2021G02/Data/IMG1/Image_1618854712551676.jpg,-0.16
/home/user/Projects/catkin_ws/src/AnR2021G02/Data/IMG1/Image_1618854712897813.jpg,-0.16
/home/user/Projects/catkin_ws/src/AnR2021G02/Data/IMG1/Image_1618854713222629.jpg,-0.16
/home/user/Projects/catkin_ws/src/AnR2021G02/Data/IMG1/Image_161885471353199.jpg,-0.16
/home/user/Projects/catkin_ws/src/AnR2021G02/Data/IMG1/Image_1618854713851032.jpg,-0.16
/home/user/Projects/catkin_ws/src/AnR2021G02/Data/IMG1/Image_1618854714168258.jpg,-0.16
/home/user/Projects/catkin_ws/src/AnR2021G02/Data/IMG1/Image_161885471448395.jpg,-0.16
/home/user/Projects/catkin_ws/src/AnR2021G02/Data/IMG1/Image_1618854714807224.jpg,-0.16
/home/user/Projects/catkin_ws/src/AnR2021G02/Data/IMG1/Image_1618854715122107.jpg,-0.16
/home/user/Projects/catkin_ws/src/AnR2021G02/Data/IMG1/Image_1618854715453405.jpg,-0.16
/home/user/Projects/catkin_ws/src/AnR2021G02/Data/IMG1/Image_1618854715768921.jpg,-0.16
/home/user/Projects/catkin_ws/src/AnR2021G02/Data/IMG1/Image_1618854716110668.jpg,-0.16
/home/user/Projects/catkin_ws/src/AnR2021G02/Data/IMG1/Image_1618854716426113.jpg,-0.16
/home/user/Projects/catkin_ws/src/AnR2021G02/Data/IMG1/Image_1618854716744126.jpg,-0.16
/home/user/Projects/catkin_ws/src/AnR2021G02/Data/IMG1/Image_1618854717059057.jpg,-0.16
/home/user/Projects/catkin_ws/src/AnR2021G02/Data/IMG1/Image_1618854717376408.jpg,-0.16
/home/user/Projects/catkin_ws/src/AnR2021G02/Data/IMG1/Image_1618854717687074.jpg,-0.16
/home/user/Projects/catkin_ws/src/AnR2021G02/Data/IMG1/Image_161885471800179.jpg,-0.16
/home/user/Projects/catkin_ws/src/AnR2021G02/Data/IMG1/Image_1618854718325144.jpg,-0.16
/home/user/Projects/catkin_ws/src/AnR2021G02/Data/IMG1/Image_16188547186406.jpg,-0.16
/home/user/Projects/catkin_ws/src/AnR2021G02/Data/IMG1/Image_1618854718954789.jpg,-0.16
/home/user/Projects/catkin_ws/src/AnR2021G02/Data/IMG1/Image_1618854719269783.jpg,-0.16
/home/user/Projects/catkin_ws/src/AnR2021G02/Data/IMG1/Image_1618854719591056.jpg,0.04
/home/user/Projects/catkin_ws/src/AnR2021G02/Data/IMG1/Image_1618854719902785.jpg,0.04
/home/user/Projects/catkin_ws/src/AnR2021G02/Data/IMG1/Image_1618854720219624.jpg,0.04
/home/user/Projects/catkin_ws/src/AnR2021G02/Data/IMG1/Image_1618854720546369.jpg,0.04
/home/user/Projects/catkin_ws/src/AnR2021G02/Data/IMG1/Image_1618854720862948.jpg,0.04
/home/user/Projects/catkin_ws/src/AnR2021G02/Data/IMG1/Image_1618854721178844.jpg,0.04
/home/user/Projects/catkin_ws/src/AnR2021G02/Data/IMG1/Image_161885472149254.jpg,0.04
/home/user/Projects/catkin_ws/src/AnR2021G02/Data/IMG1/Image_1618854721807578.jpg,0.06
/home/user/Projects/catkin_ws/src/AnR2021G02/Data/IMG1/Image_1618854722117787.jpg,0.08
/home/user/Projects/catkin_ws/src/AnR2021G02/Data/IMG1/Image_1618854722450393.jpg,0.12
/home/user/Projects/catkin_ws/src/AnR2021G02/Data/IMG1/Image_1618854722775892.jpg,0.12
/home/user/Projects/catkin_ws/src/AnR2021G02/Data/IMG1/Image_1618854723086605.jpg,0.12
/home/user/Projects/catkin_ws/src/AnR2021G02/Data/IMG1/Image_1618854723405512.jpg,0.14
/home/user/Projects/catkin_ws/src/AnR2021G02/Data/IMG1/Image_1618854723717927.jpg,0.18
/home/user/Projects/catkin_ws/src/AnR2021G02/Data/IMG1/Image_1618854724045958.jpg,0.18
/home/user/Projects/catkin_ws/src/AnR2021G02/Data/IMG1/Image_1618854724368911.jpg,0.18
/home/user/Projects/catkin_ws/src/AnR2021G02/Data/IMG1/Image_1618854724683018.jpg,0.18
/home/user/Projects/catkin_ws/src/AnR2021G02/Data/IMG1/Image_1618854724997355.jpg,0.16
/home/user/Projects/catkin_ws/src/AnR2021G02/Data/IMG1/Image_1618854725312518.jpg,0.14
/home/user/Projects/catkin_ws/src/AnR2021G02/Data/IMG1/Image_1618854725637302.jpg,0.12
/home/user/Projects/catkin_ws/src/AnR2021G02/Data/IMG1/Image_1618854725954994.jpg,0.12
/home/user/Projects/catkin_ws/src/AnR2021G02/Data/IMG1/Image_1618854726276145.jpg,0.1
/home/user/Projects/catkin_ws/src/AnR2021G02/Data/IMG1/Image_1618854726594771.jpg,0.1
/home/user/Projects/catkin_ws/src/AnR2021G02/Data/IMG1/Image_1618854726924007.jpg,0.08
/home/user/Projects/catkin_ws/src/AnR2021G02/Data/IMG1/Image_1618854727238989.jpg,0.06
/home/user/Projects/catkin_ws/src/AnR2021G02/Data/IMG1/Image_161885472755849.jpg,0.06
/home/user/Projects/catkin_ws/src/AnR2021G02/Data/IMG1/Image_1618854727871499.jpg,0.04
/home/user/Projects/catkin_ws/src/AnR2021G02/Data/IMG1/Image_1618854728197831.jpg,0.04
/home/user/Projects/catkin_ws/src/AnR2021G02/Data/IMG1/Image_161885472850646.jpg,0.04
/home/user/Projects/catkin_ws/src/AnR2021G02/Data/IMG1/Image_1618854728818631.jpg,0.22
/home/user/Projects/catkin_ws/src/AnR2021G02/Data/IMG1/Image_1618854729157617.jpg,0.22
/home/user/Projects/catkin_ws/src/AnR2021G02/Data/IMG1/Image_1618854729483514.jpg,0.22
/home/user/Projects/catkin_ws/src/AnR2021G02/Data/IMG1/Image_1618854729803337.jpg,0.22
/home/user/Projects/catkin_ws/src/AnR2021G02/Data/IMG1/Image_1618854730115394.jpg,0.22
/home/user/Projects/catkin_ws/src/AnR2021G02/Data/IMG1/Image_1618854730435452.jpg,0.0
/home/user/Projects/catkin_ws/src/AnR2021G02/Data/IMG1/Image_1618854730753195.jpg,0.0
/home/user/Projects/catkin_ws/src/AnR2021G02/Data/IMG1/Image_1618854731071439.jpg,0.0
/home/user/Projects/catkin_ws/src/AnR2021G02/Data/IMG1/Image_1618854774136094.jpg,0.0
/home/user/Projects/catkin_ws/src/AnR2021G02/Data/IMG1/Image_1618854774452123.jpg,0.0
/home/user/Projects/catkin_ws/src/AnR2021G02/Data/IMG1/Image_1618854774768816.jpg,0.0
/home/user/Projects/catkin_ws/src/AnR2021G02/Data/IMG1/Image_161885477508494.jpg,0.0
/home/user/Projects/catkin_ws/src/AnR2021G02/Data/IMG1/Image_161885477539787.jpg,0.0
/home/user/Projects/catkin_ws/src/AnR2021G02/Data/IMG1/Image_1618854775722286.jpg,0.0
/home/user/Projects/catkin_ws/src/AnR2021G02/Data/IMG1/Image_1618854776051165.jpg,0.0
/home/user/Projects/catkin_ws/src/AnR2021G02/Data/IMG1/Image_1618854776364734.jpg,0.0
/home/user/Projects/catkin_ws/src/AnR2021G02/Data/IMG1/Image_1618854776678933.jpg,0.0
/home/user/Projects/catkin_ws/src/AnR2021G02/Data/IMG1/Image_1618854776993606.jpg,0.0
/home/user/Projects/catkin_ws/src/AnR2021G02/Data/IMG1/Image_1618854777327903.jpg,0.0
/home/user/Projects/catkin_ws/src/AnR2021G02/Data/IMG1/Image_1618854777638408.jpg,0.0
/home/user/Projects/catkin_ws/src/AnR2021G02/Data/IMG1/Image_1618854777950071.jpg,0.0
/home/user/Projects/catkin_ws/src/AnR2021G02/Data/IMG1/Image_1618854778274697.jpg,0.0
/home/user/Projects/catkin_ws/src/AnR2021G02/Data/IMG1/Image_1618854778593218.jpg,0.0
/home/user/Projects/catkin_ws/src/AnR2021G02/Data/IMG1/Image_1618854778914154.jpg,0.0
/home/user/Projects/catkin_ws/src/AnR2021G02/Data/IMG1/Image_1618854779232795.jpg,0.0
/home/user/Projects/catkin_ws/src/AnR2021G02/Data/IMG1/Image_1618854779551316.jpg,0.0
/home/user/Projects/catkin_ws/src/AnR2021G02/Data/IMG1/Image_1618854779876666.jpg,0.0
/home/user/Projects/catkin_ws/src/AnR2021G02/Data/IMG1/Image_1618854780189721.jpg,0.0
/home/user/Projects/catkin_ws/src/AnR2021G02/Data/IMG1/Image_1618854780519939.jpg,-0.02
/home/user/Projects/catkin_ws/src/AnR2021G02/Data/IMG1/Image_1618854780834591.jpg,-0.02
/home/user/Projects/catkin_ws/src/AnR2021G02/Data/IMG1/Image_1618854781147201.jpg,-0.04
/home/user/Projects/catkin_ws/src/AnR2021G02/Data/IMG1/Image_1618854781462047.jpg,-0.06
/home/user/Projects/catkin_ws/src/AnR2021G02/Data/IMG1/Image_1618854781781582.jpg,-0.08
/home/user/Projects/catkin_ws/src/AnR2021G02/Data/IMG1/Image_1618854782091557.jpg,-0.1
/home/user/Projects/catkin_ws/src/AnR2021G02/Data/IMG1/Image_1618854782401998.jpg,-0.12
/home/user/Projects/catkin_ws/src/AnR2021G02/Data/IMG1/Image_161885478271727.jpg,-0.14
/home/user/Projects/catkin_ws/src/AnR2021G02/Data/IMG1/Image_1618854783035029.jpg,-0.14
/home/user/Projects/catkin_ws/src/AnR2021G02/Data/IMG1/Image_1618854783349032.jpg,-0.14
/home/user/Projects/catkin_ws/src/AnR2021G02/Data/IMG1/Image_1618854783660933.jpg,-0.14
/home/user/Projects/catkin_ws/src/AnR2021G02/Data/IMG1/Image_1618854783982551.jpg,-0.14
/home/user/Projects/catkin_ws/src/AnR2021G02/Data/IMG1/Image_1618854784296653.jpg,-0.14
/home/user/Projects/catkin_ws/src/AnR2021G02/Data/IMG1/Image_1618854784613596.jpg,-0.14
/home/user/Projects/catkin_ws/src/AnR2021G02/Data/IMG1/Image_1618854784929365.jpg,0.0
/home/user/Projects/catkin_ws/src/AnR2021G02/Data/IMG1/Image_161885478524823.jpg,0.0
/home/user/Projects/catkin_ws/src/AnR2021G02/Data/IMG1/Image_1618854785562076.jpg,0.0
/home/user/Projects/catkin_ws/src/AnR2021G02/Data/IMG1/Image_1618854785879605.jpg,0.0
/home/user/Projects/catkin_ws/src/AnR2021G02/Data/IMG1/Image_161885478620236.jpg,0.0
/home/user/Projects/catkin_ws/src/AnR2021G02/Data/IMG1/Image_1618854786516432.jpg,0.0
/home/user/Projects/catkin_ws/src/AnR2021G02/Data/IMG1/Image_1618854786833664.jpg,0.0
/home/user/Projects/catkin_ws/src/AnR2021G02/Data/IMG1/Image_161885478715364.jpg,0.0
/home/user/Projects/catkin_ws/src/AnR2021G02/Data/IMG1/Image_1618854787470535.jpg,0.0
/home/user/Projects/catkin_ws/src/AnR2021G02/Data/IMG1/Image_1618854787783258.jpg,0.0
